<?xml version="1.0" encoding="utf-8"?>
<watch>
	<shape>run</shape>
	<name>曲线（国外）</name>
	<deviceType>O66</deviceType>
	<version>1.0.0</version>
	<size>212x520</size>
	<author>小米</author>
	<pkgName>120917348761</pkgName>
	<_id>3dadd169c2735edd13f6126a130ac252</_id>
	<imageFormat>indexed8</imageFormat>
	<imageCompression>false</imageCompression>
	<editorVersion>1.0.0</editorVersion>
	<webVersionCreatedAt>2024-10-14T09:43:31+08:00</webVersionCreatedAt>
	<editorVersionCreatedAt>1.0.0</editorVersionCreatedAt>
	<webVersionUpdatedAt>2024-12-09T15:08:46+08:00</webVersionUpdatedAt>
	<editorVersionUpdatedAt>1.0.0</editorVersionUpdatedAt>
	<imageArrayRamMethod>whole</imageArrayRamMethod>
	<_recolorEnable>false</_recolorEnable>
	<webVersionExportAt>2024-12-09T15:08:46+08:00</webVersionExportAt>
	<editorVersionExportAt>1.0.0</editorVersionExportAt>
</watch>