{
  "themes": [
    {
      "id": "kaxi9k",
      "name": "样式1",
      "type": "normal",
      "children": [
        {
          "id": "oiknh8",
          "type": "Image",
          "attrs": {
            "sourceEnabled": false,
            "valueStart": 0,
            "valueEnd": 0,
            "angleStart": 0,
            "angleEnd": 360,
            "recolorEnable": true,
            "x": 0,
            "y": 0,
            "w": 212,
            "h": 520,
            "rotation": 0,
            "name": "简",
            "showImgFormat": false,
            "_visibility": true,
            "_isLocked": false,
            "temperatureUnitType": "celsius",
            "pointerFps": 1,
            "pointerRegionNum": 0,
            "shadowPointerOffsetY": 0,
            "resources": {
              "pointer0": {
                "z01v6r": [
                  "f378eb2.png"
                ]
              }
            }
          }
        },
        {
          "id": "8dxhet",
          "type": "ImageArray",
          "attrs": {
            "sourceEnabled": true,
            "source": "systemStatusBattery",
            "valueStart": 0,
            "valueEnd": 100,
            "angleStart": 0,
            "angleEnd": 360,
            "recolorEnable": true,
            "x": 92,
            "y": 16,
            "w": 14,
            "h": 38,
            "rotation": 0,
            "name": "电量",
            "showImgFormat": false,
            "_visibility": true,
            "_isLocked": false,
            "temperatureUnitType": "celsius",
            "fillType": "数字填充",
            "align": "left",
            "space": -1,
            "widgetSpace": 0,
            "sourceProgressAccuracy": 10,
            "sourceWeatherType": "whole",
            "sourceFormat": 3,
            "sourceHourMode": "system",
            "resources": {
              "images": {
                "z01v6r": [
                  "步数电量日期/3216ee2.png",
                  "步数电量日期/5dad6a7.png",
                  "步数电量日期/b8e6696.png",
                  "步数电量日期/acc95e6.png",
                  "步数电量日期/20b67fb.png",
                  "步数电量日期/639f42e.png",
                  "步数电量日期/f0ad551.png",
                  "步数电量日期/9998e82.png",
                  "步数电量日期/c3880c9.png",
                  "步数电量日期/baac20f.png"
                ]
              },
              "unitIcon": {
                "z01v6r": [
                  "cf9f6d1.png"
                ]
              }
            },
            "decimalOffsetX": "0",
            "trailingZero": false
          }
        },
        {
          "id": "zor93j",
          "type": "Image",
          "attrs": {
            "sourceEnabled": false,
            "valueStart": 0,
            "valueEnd": 0,
            "angleStart": 0,
            "angleEnd": 360,
            "recolorEnable": true,
            "x": 72,
            "y": 27,
            "w": 16,
            "h": 18,
            "rotation": 0,
            "name": "画板备份 213",
            "showImgFormat": false,
            "_visibility": true,
            "_isLocked": false,
            "temperatureUnitType": "celsius",
            "pointerFps": 1,
            "pointerRegionNum": 0,
            "shadowPointerOffsetY": 0,
            "resources": {
              "pointer0": {
                "z01v6r": [
                  "b8b272c.png"
                ]
              }
            }
          }
        },
        {
          "id": "m4cm0w",
          "type": "ImageArray",
          "attrs": {
            "sourceEnabled": true,
            "source": "timeHour",
            "valueStart": 0,
            "valueEnd": 24,
            "angleStart": 0,
            "angleEnd": 360,
            "recolorEnable": true,
            "x": 60,
            "y": 48,
            "w": 48,
            "h": 100,
            "rotation": 0,
            "name": "小时",
            "showImgFormat": false,
            "_visibility": true,
            "_isLocked": false,
            "temperatureUnitType": "celsius",
            "fillType": "数字填充",
            "align": "left",
            "space": 0,
            "widgetSpace": 0,
            "sourceProgressAccuracy": 10,
            "sourceWeatherType": "whole",
            "sourceFormat": 2,
            "sourceHourMode": "system",
            "resources": {
              "images": {
                "z01v6r": [
                  "时间/9027f2c.png",
                  "时间/3e9c7fa.png",
                  "时间/288eed5.png",
                  "时间/14b8e8e.png",
                  "时间/4ecc5a2.png",
                  "时间/5fcaed7.png",
                  "时间/732c1f5.png",
                  "时间/610ddbe.png",
                  "时间/de53da0.png",
                  "时间/47ffe1f.png"
                ]
              }
            },
            "decimalOffsetX": "0",
            "trailingZero": false
          }
        },
        {
          "id": "9dqidd",
          "type": "ImageArray",
          "attrs": {
            "sourceEnabled": true,
            "source": "timeMinute",
            "valueStart": 0,
            "valueEnd": 60,
            "angleStart": 0,
            "angleEnd": 360,
            "recolorEnable": true,
            "x": 60,
            "y": 132,
            "w": 48,
            "h": 100,
            "rotation": 0,
            "name": "分",
            "showImgFormat": false,
            "_visibility": true,
            "_isLocked": false,
            "temperatureUnitType": "celsius",
            "fillType": "数字填充",
            "align": "left",
            "space": 0,
            "widgetSpace": 0,
            "sourceProgressAccuracy": 10,
            "sourceWeatherType": "whole",
            "sourceFormat": 2,
            "sourceHourMode": "system",
            "resources": {
              "images": {
                "z01v6r": [
                  "时间/9027f2c.png",
                  "时间/3e9c7fa.png",
                  "时间/288eed5.png",
                  "时间/14b8e8e.png",
                  "时间/4ecc5a2.png",
                  "时间/5fcaed7.png",
                  "时间/732c1f5.png",
                  "时间/610ddbe.png",
                  "时间/de53da0.png",
                  "时间/47ffe1f.png"
                ]
              }
            },
            "decimalOffsetX": "0",
            "trailingZero": false
          }
        },
        {
          "id": "86xilt",
          "type": "ImageArray",
          "attrs": {
            "sourceEnabled": true,
            "source": "miscIsPM",
            "valueStart": 0,
            "valueEnd": 1,
            "angleStart": 0,
            "angleEnd": 360,
            "recolorEnable": true,
            "x": 152,
            "y": 121,
            "w": 46,
            "h": 38,
            "rotation": 0,
            "name": "ampm",
            "showImgFormat": false,
            "_visibility": true,
            "_isLocked": false,
            "temperatureUnitType": "celsius",
            "fillType": "普通填充",
            "align": "left",
            "space": 0,
            "widgetSpace": 0,
            "sourceProgressAccuracy": 10,
            "sourceWeatherType": "whole",
            "sourceHourMode": "system",
            "resources": {
              "images": {
                "z01v6r": [
                  "英文星期/aad0ea4.png",
                  "英文星期/43d4be0.png"
                ]
              }
            },
            "decimalOffsetX": "0",
            "trailingZero": false
          }
        },
        {
          "id": "rmcuzp",
          "type": "ImageArray",
          "attrs": {
            "sourceEnabled": true,
            "source": "date",
            "valueStart": 1,
            "valueEnd": 12,
            "angleStart": 0,
            "angleEnd": 360,
            "recolorEnable": true,
            "x": 48,
            "y": 234,
            "w": 14,
            "h": 38,
            "rotation": 0,
            "name": "日期",
            "showImgFormat": false,
            "_visibility": true,
            "_isLocked": false,
            "temperatureUnitType": "celsius",
            "fillType": "数字填充",
            "align": "left",
            "space": -2,
            "widgetSpace": -2,
            "sourceProgressAccuracy": 10,
            "sourceWeatherType": "whole",
            "sourceFormat": 12,
            "sourceHourMode": "system",
            "resources": {
              "images": {
                "z01v6r": [
                  "步数电量日期/3216ee2.png",
                  "步数电量日期/5dad6a7.png",
                  "步数电量日期/b8e6696.png",
                  "步数电量日期/acc95e6.png",
                  "步数电量日期/20b67fb.png",
                  "步数电量日期/639f42e.png",
                  "步数电量日期/f0ad551.png",
                  "步数电量日期/9998e82.png",
                  "步数电量日期/c3880c9.png",
                  "步数电量日期/baac20f.png"
                ]
              },
              "unitIcon": {
                "z01v6r": [
                  "6646724.png"
                ]
              }
            },
            "decimalOffsetX": "0",
            "trailingZero": false
          }
        },
        {
          "id": "npmf0e",
          "type": "ImageArray",
          "attrs": {
            "sourceEnabled": true,
            "source": "dateWeek",
            "valueStart": 0,
            "valueEnd": 6,
            "angleStart": 0,
            "angleEnd": 360,
            "recolorEnable": true,
            "x": 118,
            "y": 234,
            "w": 46,
            "h": 38,
            "rotation": 0,
            "name": "星期",
            "showImgFormat": false,
            "_visibility": true,
            "_isLocked": false,
            "temperatureUnitType": "celsius",
            "fillType": "普通填充",
            "align": "left",
            "space": 0,
            "widgetSpace": 0,
            "sourceProgressAccuracy": 10,
            "sourceWeatherType": "whole",
            "sourceHourMode": "system",
            "resources": {
              "images": {
                "z01v6r": [
                  "英文星期/a91a0c7.png",
                  "英文星期/d2a945b.png",
                  "英文星期/cacac76.png",
                  "英文星期/a56d626.png",
                  "英文星期/567a7d6.png",
                  "英文星期/88a7380.png",
                  "英文星期/87209c8.png"
                ]
              }
            },
            "decimalOffsetX": "0",
            "trailingZero": false
          }
        },
        {
          "id": "tfyzj9",
          "type": "Widget",
          "children": [
            {
              "id": "x0jn2s",
              "type": "ImageArray",
              "attrs": {
                "sourceEnabled": true,
                "source": "healthStepCount",
                "valueStart": 0,
                "valueEnd": "healthStepTarget",
                "angleStart": 0,
                "angleEnd": 360,
                "recolorEnable": true,
                "x": 22,
                "y": 0,
                "w": 14,
                "h": 38,
                "rotation": 0,
                "name": "步数",
                "showImgFormat": false,
                "_visibility": true,
                "_isLocked": false,
                "temperatureUnitType": "celsius",
                "fillType": "数字填充",
                "align": "left",
                "space": -2,
                "widgetSpace": 0,
                "sourceProgressAccuracy": 10,
                "sourceWeatherType": "whole",
                "sourceFormat": 1,
                "sourceHourMode": "system",
                "resources": {
                  "images": {
                    "z01v6r": [
                      "步数电量日期/3216ee2.png",
                      "步数电量日期/5dad6a7.png",
                      "步数电量日期/b8e6696.png",
                      "步数电量日期/acc95e6.png",
                      "步数电量日期/20b67fb.png",
                      "步数电量日期/639f42e.png",
                      "步数电量日期/f0ad551.png",
                      "步数电量日期/9998e82.png",
                      "步数电量日期/c3880c9.png",
                      "步数电量日期/baac20f.png"
                    ]
                  }
                },
                "decimalOffsetX": "0",
                "trailingZero": false
              }
            },
            {
              "id": "974snq",
              "type": "Image",
              "attrs": {
                "sourceEnabled": false,
                "valueStart": 0,
                "valueEnd": 0,
                "angleStart": 0,
                "angleEnd": 360,
                "recolorEnable": true,
                "x": 0,
                "y": 9,
                "w": 18,
                "h": 20,
                "rotation": 0,
                "name": "Workout",
                "showImgFormat": false,
                "_visibility": true,
                "_isLocked": false,
                "temperatureUnitType": "celsius",
                "pointerFps": 1,
                "pointerRegionNum": 0,
                "shadowPointerOffsetY": 0,
                "resources": {
                  "pointer0": {
                    "z01v6r": [
                      "b6ccc40.png"
                    ]
                  }
                }
              }
            }
          ],
          "attrs": {
            "name": "步数",
            "x": 56,
            "y": 472,
            "_isLocked": false,
            "_visibility": true,
            "w": 100,
            "h": 38,
            "jumpApp": "activities",
            "flexDirection": "row",
            "justifyContent": "center",
            "alignItems": "center",
            "gap": 4
          }
        }
      ],
      "bgColor": "#000000",
      "colorGroupTable": [
        {
          "id": "z01v6r",
          "name": "配色1",
          "color": "#ffffff"
        }
      ],
      "preview": "_preview/样式1亮屏预览图.png"
    },
    {
      "id": "anmgj7",
      "name": "样式1",
      "type": "AOD",
      "children": [
        {
          "id": "ojq8is",
          "type": "ImageArray",
          "attrs": {
            "sourceEnabled": true,
            "source": "timeHour",
            "valueStart": 0,
            "valueEnd": 24,
            "angleStart": 0,
            "angleEnd": 360,
            "recolorEnable": true,
            "x": 60,
            "y": 148,
            "w": 48,
            "h": 100,
            "rotation": 0,
            "name": "小时",
            "showImgFormat": false,
            "_visibility": true,
            "_isLocked": false,
            "temperatureUnitType": "celsius",
            "fillType": "数字填充",
            "align": "left",
            "space": 0,
            "widgetSpace": 0,
            "sourceProgressAccuracy": 10,
            "sourceWeatherType": "whole",
            "sourceFormat": 2,
            "sourceHourMode": "system",
            "resources": {
              "images": {
                "z01v6r": [
                  "息屏时间/605fe19.png",
                  "息屏时间/026ad20.png",
                  "息屏时间/8aca421.png",
                  "息屏时间/07f86ea.png",
                  "息屏时间/407f5ef.png",
                  "息屏时间/273bb28.png",
                  "息屏时间/bf35922.png",
                  "息屏时间/80da95e.png",
                  "息屏时间/c5aab16.png",
                  "息屏时间/e4482c2.png"
                ]
              }
            },
            "decimalOffsetX": "0",
            "trailingZero": false
          }
        },
        {
          "id": "ifdiqs",
          "type": "ImageArray",
          "attrs": {
            "sourceEnabled": true,
            "source": "timeMinute",
            "valueStart": 0,
            "valueEnd": 60,
            "angleStart": 0,
            "angleEnd": 360,
            "recolorEnable": true,
            "x": 60,
            "y": 232,
            "w": 48,
            "h": 100,
            "rotation": 0,
            "name": "分",
            "showImgFormat": false,
            "_visibility": true,
            "_isLocked": false,
            "temperatureUnitType": "celsius",
            "fillType": "数字填充",
            "align": "left",
            "space": 0,
            "widgetSpace": 0,
            "sourceProgressAccuracy": 10,
            "sourceWeatherType": "whole",
            "sourceFormat": 2,
            "sourceHourMode": "system",
            "resources": {
              "images": {
                "z01v6r": [
                  "息屏时间/605fe19.png",
                  "息屏时间/026ad20.png",
                  "息屏时间/8aca421.png",
                  "息屏时间/07f86ea.png",
                  "息屏时间/407f5ef.png",
                  "息屏时间/273bb28.png",
                  "息屏时间/bf35922.png",
                  "息屏时间/80da95e.png",
                  "息屏时间/c5aab16.png",
                  "息屏时间/e4482c2.png"
                ]
              }
            },
            "decimalOffsetX": "0",
            "trailingZero": false
          }
        },
        {
          "id": "a1epsm",
          "type": "ImageArray",
          "attrs": {
            "sourceEnabled": true,
            "source": "date",
            "valueStart": 1,
            "valueEnd": 12,
            "angleStart": 0,
            "angleEnd": 360,
            "recolorEnable": true,
            "x": 48,
            "y": 334,
            "w": 14,
            "h": 38,
            "rotation": 0,
            "name": "日期",
            "showImgFormat": false,
            "_visibility": true,
            "_isLocked": false,
            "temperatureUnitType": "celsius",
            "fillType": "数字填充",
            "align": "left",
            "space": -2,
            "widgetSpace": -2,
            "sourceProgressAccuracy": 10,
            "sourceWeatherType": "whole",
            "sourceFormat": 12,
            "sourceHourMode": "system",
            "resources": {
              "images": {
                "z01v6r": [
                  "息屏日期/6f59669.png",
                  "息屏日期/0b5f48d.png",
                  "息屏日期/58934d8.png",
                  "息屏日期/a9464b6.png",
                  "息屏日期/48d43a1.png",
                  "息屏日期/31bf9ce.png",
                  "息屏日期/5437c70.png",
                  "息屏日期/add4ad4.png",
                  "息屏日期/95ec16b.png",
                  "息屏日期/15efbd0.png"
                ]
              },
              "unitIcon": {
                "z01v6r": [
                  "d69d3ec.png"
                ]
              }
            },
            "decimalOffsetX": "0",
            "trailingZero": false
          }
        },
        {
          "id": "1sf39z",
          "type": "ImageArray",
          "attrs": {
            "sourceEnabled": true,
            "source": "dateWeek",
            "valueStart": 0,
            "valueEnd": 6,
            "angleStart": 0,
            "angleEnd": 360,
            "recolorEnable": true,
            "x": 118,
            "y": 334,
            "w": 46,
            "h": 38,
            "rotation": 0,
            "name": "星期",
            "showImgFormat": false,
            "_visibility": true,
            "_isLocked": false,
            "temperatureUnitType": "celsius",
            "fillType": "普通填充",
            "align": "left",
            "space": 0,
            "widgetSpace": 0,
            "sourceProgressAccuracy": 10,
            "sourceWeatherType": "whole",
            "sourceHourMode": "system",
            "resources": {
              "images": {
                "z01v6r": [
                  "息屏英文星期/437030b.png",
                  "息屏英文星期/058138a.png",
                  "息屏英文星期/08e6f6c.png",
                  "息屏英文星期/8f6c80b.png",
                  "息屏英文星期/d0001ba.png",
                  "息屏英文星期/fde05e7.png",
                  "息屏英文星期/5639ac5.png"
                ]
              }
            },
            "decimalOffsetX": "0",
            "trailingZero": false
          }
        }
      ],
      "bgColor": "#000000",
      "colorGroupTable": [
        {
          "id": "z01v6r",
          "name": "配色1",
          "color": "#ffffff"
        }
      ],
      "isSingleAOD": true,
      "preview": "_preview/样式1息屏预览图.png"
    }
  ],
  "i18n": {
    "translations": {
      "watchfaceName": {
        "zh_CN": "黄昏（国内）",
        "zh_TW": "",
        "ja_JP": "",
        "es_ES": "",
        "fr_FR": "",
        "en_US": "",
        "de_DE": "",
        "ru_RU": "",
        "pt_BR": "",
        "pt_PT": "",
        "it_IT": "",
        "ko_KR": "",
        "tr_TR": "",
        "th_TH": "",
        "nl_NL": "",
        "sv_SE": "",
        "da_DK": "",
        "vi_VN": "",
        "nb_NO": "",
        "pl_PL": "",
        "in_ID": "",
        "fi_FI": "",
        "el_GR": "",
        "ro_RO": "",
        "cs_CZ": "",
        "uk_UA": "",
        "sk_SK": "",
        "hu_HU": "",
        "ar_EG": "",
        "iw_IL": "",
        "zh_HK": ""
      }
    },
    "locales": [
      "zh_CN",
      "zh_TW",
      "ja_JP",
      "es_ES",
      "fr_FR",
      "en_US",
      "de_DE",
      "ru_RU",
      "pt_BR",
      "pt_PT",
      "it_IT",
      "ko_KR",
      "tr_TR",
      "th_TH",
      "nl_NL",
      "sv_SE",
      "da_DK",
      "vi_VN",
      "nb_NO",
      "pl_PL",
      "in_ID",
      "fi_FI",
      "el_GR",
      "ro_RO",
      "cs_CZ",
      "uk_UA",
      "sk_SK",
      "hu_HU",
      "ar_EG",
      "iw_IL",
      "zh_HK"
    ]
  },
  "formats": {
    "2d90f99.png": "indexed8",
    "状态/9f0ea22.png": "indexed8",
    "状态/a8b6003.png": "indexed8",
    "状态/320be13.png": "indexed8",
    "状态/21229a2.png": "indexed8",
    "状态/c378b1e.png": "indexed8",
    "状态/699f1fa.png": "indexed8",
    "电量/f1c82c1.png": "indexed8",
    "电量/89b47af.png": "indexed8",
    "电量/62b0331.png": "indexed8",
    "电量/c66d22e.png": "indexed8",
    "电量/b86cf9f.png": "indexed8",
    "电量/091c52d.png": "indexed8",
    "电量/cb889ff.png": "indexed8",
    "电量/417573c.png": "indexed8",
    "电量/189e224.png": "indexed8",
    "电量/191e266.png": "indexed8",
    "ec3255b.png": "indexed8",
    "时间/33bb6e8.png": "indexed8",
    "时间/dce9eff.png": "indexed8",
    "时间/7130559.png": "indexed8",
    "时间/99d126f.png": "indexed8",
    "时间/7d432ee.png": "indexed8",
    "时间/9269b18.png": "indexed8",
    "时间/3dd584a.png": "indexed8",
    "时间/6df5a75.png": "indexed8",
    "时间/486cbee.png": "indexed8",
    "时间/4458e99.png": "indexed8",
    "中文星期/fe30e06.png": "indexed8",
    "中文星期/b2b12b3.png": "indexed8",
    "_emptyImage.png": "indexed8",
    "步数日期/aaaa1a0.png": "indexed8",
    "步数日期/bc928cf.png": "indexed8",
    "步数日期/a5c70c0.png": "indexed8",
    "步数日期/2e60288.png": "indexed8",
    "步数日期/9a196ec.png": "indexed8",
    "步数日期/7a4f025.png": "indexed8",
    "步数日期/0d8a04b.png": "indexed8",
    "步数日期/55c9f05.png": "indexed8",
    "步数日期/85d3ba7.png": "indexed8",
    "步数日期/fe23581.png": "indexed8",
    "3973749.png": "indexed8",
    "中文星期/de4e03b.png": "indexed8",
    "中文星期/4764985.png": "indexed8",
    "中文星期/66feed2.png": "indexed8",
    "中文星期/5b0fcb6.png": "indexed8",
    "中文星期/1b3ac6d.png": "indexed8",
    "中文星期/7b72946.png": "indexed8",
    "中文星期/4d1884b.png": "indexed8",
    "2cb38bf.png": "indexed8",
    "息屏时间/605fe19.png": "indexed8",
    "息屏时间/026ad20.png": "indexed8",
    "息屏时间/8aca421.png": "indexed8",
    "息屏时间/07f86ea.png": "indexed8",
    "息屏时间/407f5ef.png": "indexed8",
    "息屏时间/273bb28.png": "indexed8",
    "息屏时间/bf35922.png": "indexed8",
    "息屏时间/80da95e.png": "indexed8",
    "息屏时间/c5aab16.png": "indexed8",
    "息屏时间/e4482c2.png": "indexed8",
    "息屏日期/6f59669.png": "indexed8",
    "息屏日期/0b5f48d.png": "indexed8",
    "息屏日期/58934d8.png": "indexed8",
    "息屏日期/a9464b6.png": "indexed8",
    "息屏日期/48d43a1.png": "indexed8",
    "息屏日期/31bf9ce.png": "indexed8",
    "息屏日期/5437c70.png": "indexed8",
    "息屏日期/add4ad4.png": "indexed8",
    "息屏日期/95ec16b.png": "indexed8",
    "息屏日期/15efbd0.png": "indexed8",
    "d69d3ec.png": "indexed8",
    "息屏中文星期/b67498e.png": "indexed8",
    "息屏中文星期/8e58b44.png": "indexed8",
    "息屏中文星期/c0ad96e.png": "indexed8",
    "息屏中文星期/23bdcfe.png": "indexed8",
    "息屏中文星期/9f3dd7b.png": "indexed8",
    "息屏中文星期/9034ffb.png": "indexed8",
    "息屏中文星期/4ed174c.png": "indexed8",
    "_preview/样式1亮屏预览图.png": "indexed8",
    "_preview/样式1息屏预览图.png": "indexed8",
    "英文星期/6230835.png": "indexed8",
    "英文星期/9a9b04b.png": "indexed8",
    "英文星期/7c588cc.png": "indexed8",
    "英文星期/10acb9b.png": "indexed8",
    "英文星期/a18a237.png": "indexed8",
    "英文星期/6d8af2d.png": "indexed8",
    "英文星期/6ec4bbe.png": "indexed8",
    "英文星期/1b583af.png": "indexed8",
    "英文星期/5fbe4b6.png": "indexed8",
    "息屏英文星期/058138a.png": "indexed8",
    "息屏英文星期/08e6f6c.png": "indexed8",
    "息屏英文星期/8f6c80b.png": "indexed8",
    "息屏英文星期/d0001ba.png": "indexed8",
    "息屏英文星期/fde05e7.png": "indexed8",
    "息屏英文星期/5639ac5.png": "indexed8",
    "息屏英文星期/437030b.png": "indexed8",
    "f378eb2.png": "indexed8",
    "步数电量日期/3216ee2.png": "indexed8",
    "步数电量日期/5dad6a7.png": "indexed8",
    "步数电量日期/b8e6696.png": "indexed8",
    "步数电量日期/acc95e6.png": "indexed8",
    "步数电量日期/20b67fb.png": "indexed8",
    "步数电量日期/639f42e.png": "indexed8",
    "步数电量日期/f0ad551.png": "indexed8",
    "步数电量日期/9998e82.png": "indexed8",
    "步数电量日期/c3880c9.png": "indexed8",
    "步数电量日期/baac20f.png": "indexed8",
    "cf9f6d1.png": "indexed8",
    "b8b272c.png": "indexed8",
    "时间/9027f2c.png": "indexed8",
    "时间/3e9c7fa.png": "indexed8",
    "时间/288eed5.png": "indexed8",
    "时间/14b8e8e.png": "indexed8",
    "时间/4ecc5a2.png": "indexed8",
    "时间/5fcaed7.png": "indexed8",
    "时间/732c1f5.png": "indexed8",
    "时间/610ddbe.png": "indexed8",
    "时间/de53da0.png": "indexed8",
    "时间/47ffe1f.png": "indexed8",
    "英文星期/aad0ea4.png": "indexed8",
    "英文星期/43d4be0.png": "indexed8",
    "英文星期/d2a945b.png": "indexed8",
    "英文星期/cacac76.png": "indexed8",
    "英文星期/a56d626.png": "indexed8",
    "英文星期/567a7d6.png": "indexed8",
    "英文星期/88a7380.png": "indexed8",
    "英文星期/87209c8.png": "indexed8",
    "英文星期/a91a0c7.png": "indexed8",
    "6646724.png": "indexed8",
    "b6ccc40.png": "indexed8"
  }
}