<?xml version="1.0" encoding="utf-8"?>
<Watchface name="@watchfaceName" width="212" height="520" id="120917348761" SKU="false" compressMethod="None" support_literal="false" editable="false">
    <Resources>
        <Translation name="watchfaceName">
            <Item language="zh_CN" str="黄昏（国内）"/>
            <Item language="zh_TW" str=""/>
            <Item language="ja_JP" str=""/>
            <Item language="es_ES" str=""/>
            <Item language="fr_FR" str=""/>
            <Item language="en_US" str=""/>
            <Item language="de_DE" str=""/>
            <Item language="ru_RU" str=""/>
            <Item language="pt_BR" str=""/>
            <Item language="pt_PT" str=""/>
            <Item language="it_IT" str=""/>
            <Item language="ko_KR" str=""/>
            <Item language="tr_TR" str=""/>
            <Item language="th_TH" str=""/>
            <Item language="nl_NL" str=""/>
            <Item language="sv_SE" str=""/>
            <Item language="da_DK" str=""/>
            <Item language="vi_VN" str=""/>
            <Item language="nb_NO" str=""/>
            <Item language="pl_PL" str=""/>
            <Item language="in_ID" str=""/>
            <Item language="fi_FI" str=""/>
            <Item language="el_GR" str=""/>
            <Item language="ro_RO" str=""/>
            <Item language="cs_CZ" str=""/>
            <Item language="uk_UA" str=""/>
            <Item language="sk_SK" str=""/>
            <Item language="hu_HU" str=""/>
            <Item language="ar_EG" str=""/>
            <Item language="iw_IL" str=""/>
            <Item language="zh_HK" str=""/>
        </Translation>
        <Image name="Image1" src="_preview/样式1亮屏预览图.png" compressMethod="None" format="indexed8"/>
        <Image name="Image2" src="f378eb2.png" compressMethod="None" format="indexed8"/>
        <Image name="Image3" src="cf9f6d1.png" compressMethod="None" format="indexed8"/>
        <Image name="Image4" src="b8b272c.png" compressMethod="None" format="indexed8"/>
        <Image name="Image5" src="6646724.png" compressMethod="None" format="indexed8"/>
        <Image name="Image6" src="b6ccc40.png" compressMethod="None" format="indexed8"/>
        <Image name="Image7" src="d69d3ec.png" compressMethod="None" format="indexed8"/>
        <ImageArray name="ImageArray1" compressMethod="None" format="indexed8">
            <Image src="步数电量日期/3216ee2.png"/>
            <Image src="步数电量日期/5dad6a7.png"/>
            <Image src="步数电量日期/b8e6696.png"/>
            <Image src="步数电量日期/acc95e6.png"/>
            <Image src="步数电量日期/20b67fb.png"/>
            <Image src="步数电量日期/639f42e.png"/>
            <Image src="步数电量日期/f0ad551.png"/>
            <Image src="步数电量日期/9998e82.png"/>
            <Image src="步数电量日期/c3880c9.png"/>
            <Image src="步数电量日期/baac20f.png"/>
        </ImageArray>
        <ImageArray name="ImageArray2" compressMethod="None" format="indexed8">
            <Image src="时间/9027f2c.png"/>
            <Image src="时间/3e9c7fa.png"/>
            <Image src="时间/288eed5.png"/>
            <Image src="时间/14b8e8e.png"/>
            <Image src="时间/4ecc5a2.png"/>
            <Image src="时间/5fcaed7.png"/>
            <Image src="时间/732c1f5.png"/>
            <Image src="时间/610ddbe.png"/>
            <Image src="时间/de53da0.png"/>
            <Image src="时间/47ffe1f.png"/>
        </ImageArray>
        <ImageArray name="ImageArray3" compressMethod="None" format="indexed8">
            <Image src="英文星期/aad0ea4.png"/>
            <Image src="英文星期/43d4be0.png"/>
        </ImageArray>
        <ImageArray name="ImageArray4" compressMethod="None" format="indexed8">
            <Image src="英文星期/a91a0c7.png"/>
            <Image src="英文星期/d2a945b.png"/>
            <Image src="英文星期/cacac76.png"/>
            <Image src="英文星期/a56d626.png"/>
            <Image src="英文星期/567a7d6.png"/>
            <Image src="英文星期/88a7380.png"/>
            <Image src="英文星期/87209c8.png"/>
        </ImageArray>
        <ImageArray name="ImageArray5" compressMethod="None" format="indexed8">
            <Image src="息屏时间/605fe19.png"/>
            <Image src="息屏时间/026ad20.png"/>
            <Image src="息屏时间/8aca421.png"/>
            <Image src="息屏时间/07f86ea.png"/>
            <Image src="息屏时间/407f5ef.png"/>
            <Image src="息屏时间/273bb28.png"/>
            <Image src="息屏时间/bf35922.png"/>
            <Image src="息屏时间/80da95e.png"/>
            <Image src="息屏时间/c5aab16.png"/>
            <Image src="息屏时间/e4482c2.png"/>
        </ImageArray>
        <ImageArray name="ImageArray6" compressMethod="None" format="indexed8">
            <Image src="息屏日期/6f59669.png"/>
            <Image src="息屏日期/0b5f48d.png"/>
            <Image src="息屏日期/58934d8.png"/>
            <Image src="息屏日期/a9464b6.png"/>
            <Image src="息屏日期/48d43a1.png"/>
            <Image src="息屏日期/31bf9ce.png"/>
            <Image src="息屏日期/5437c70.png"/>
            <Image src="息屏日期/add4ad4.png"/>
            <Image src="息屏日期/95ec16b.png"/>
            <Image src="息屏日期/15efbd0.png"/>
        </ImageArray>
        <ImageArray name="ImageArray7" compressMethod="None" format="indexed8">
            <Image src="息屏英文星期/437030b.png"/>
            <Image src="息屏英文星期/058138a.png"/>
            <Image src="息屏英文星期/08e6f6c.png"/>
            <Image src="息屏英文星期/8f6c80b.png"/>
            <Image src="息屏英文星期/d0001ba.png"/>
            <Image src="息屏英文星期/fde05e7.png"/>
            <Image src="息屏英文星期/5639ac5.png"/>
        </ImageArray>
        <DataItemImageNumber name="ImageNumber1" source="systemStatusBattery" ref="@ImageArray1" rotation="0" supportRecolor="false" unitIcon="@Image3" leadingZero="false" decimalOffsetX="0" totalDigits="3" decimalDigits="0" trailingZero="false" parameter="1000" renderRule="alwaysShow" align="left" space="-1"/>
        <DataItemImageNumber name="ImageNumber2" source="timeHour" ref="@ImageArray2" rotation="0" supportRecolor="false" unitIcon="" leadingZero="true" decimalOffsetX="0" totalDigits="2" decimalDigits="0" trailingZero="false" parameter="1000" renderRule="alwaysShow" align="left" space="0"/>
        <DataItemImageNumber name="ImageNumber3" source="timeMinute" ref="@ImageArray2" rotation="0" supportRecolor="false" unitIcon="" leadingZero="true" decimalOffsetX="0" totalDigits="2" decimalDigits="0" trailingZero="false" parameter="1000" renderRule="alwaysShow" align="left" space="0"/>
        <DataItemImageValues name="ImageValues1" source="miscIsPM" ref="@ImageArray3" rotation="0" supportRecolor="false"/>
        <DataItemImageNumber name="ImageNumber4" source="dateMonth" ref="@ImageArray1" rotation="0" leadingZero="true" decimalOffsetX="0" trailingZero="false" totalDigits="2" decimalDigits="0" supportRecolor="false" parameter="1000" renderRule="alwaysShow" align="left" space="-2"/>
        <DataItemImageNumber name="ImageNumber5" source="dateDay" ref="@ImageArray1" rotation="0" leadingZero="true" decimalOffsetX="0" trailingZero="false" totalDigits="2" decimalDigits="0" supportRecolor="false" parameter="1000" renderRule="alwaysShow" align="left" space="-2"/>
        <Widget name="Widget1" flex_direction="row" justify_content="flex-start" align_items="center" gap="-2" w="62" h="38">
            <Item ref="@ImageNumber4" x="48" y="234"/>
            <Item ref="@Image5" x="48" y="234"/>
            <Item ref="@ImageNumber5" x="48" y="234"/>
        </Widget>
        <DataItemImageValues name="ImageValues2" source="dateWeek" ref="@ImageArray4" rotation="0" supportRecolor="false"/>
        <DataItemImageNumber name="ImageNumber6" source="healthStepCount" ref="@ImageArray1" rotation="0" supportRecolor="false" unitIcon="" leadingZero="false" decimalOffsetX="0" totalDigits="5" decimalDigits="0" trailingZero="false" parameter="1000" renderRule="alwaysShow" align="left" space="-2"/>
        <Widget name="Widget2" widgetName="步数" groupType="general" jumpApp="activities" w="100" h="38" flex_direction="row" justify_content="center" align_items="center" align_content="center" gap="4">
            <Item ref="@Image6"/>
            <Item ref="@ImageNumber6"/>
        </Widget>
        <DataItemImageNumber name="ImageNumber7" source="timeHour" ref="@ImageArray5" rotation="0" supportRecolor="false" unitIcon="" leadingZero="true" decimalOffsetX="0" totalDigits="2" decimalDigits="0" trailingZero="false" parameter="1000" renderRule="alwaysShow" align="left" space="0"/>
        <DataItemImageNumber name="ImageNumber8" source="timeMinute" ref="@ImageArray5" rotation="0" supportRecolor="false" unitIcon="" leadingZero="true" decimalOffsetX="0" totalDigits="2" decimalDigits="0" trailingZero="false" parameter="1000" renderRule="alwaysShow" align="left" space="0"/>
        <DataItemImageNumber name="ImageNumber9" source="dateMonth" ref="@ImageArray6" rotation="0" leadingZero="true" decimalOffsetX="0" trailingZero="false" totalDigits="2" decimalDigits="0" supportRecolor="false" parameter="1000" renderRule="alwaysShow" align="left" space="-2"/>
        <DataItemImageNumber name="ImageNumber10" source="dateDay" ref="@ImageArray6" rotation="0" leadingZero="true" decimalOffsetX="0" trailingZero="false" totalDigits="2" decimalDigits="0" supportRecolor="false" parameter="1000" renderRule="alwaysShow" align="left" space="-2"/>
        <Widget name="Widget3" flex_direction="row" justify_content="flex-start" align_items="center" gap="-2" w="62" h="38">
            <Item ref="@ImageNumber9" x="48" y="334"/>
            <Item ref="@Image7" x="48" y="334"/>
            <Item ref="@ImageNumber10" x="48" y="334"/>
        </Widget>
        <DataItemImageValues name="ImageValues3" source="dateWeek" ref="@ImageArray7" rotation="0" supportRecolor="false"/>
    </Resources>
    <Theme type="normal" name="样式1" bgColor="#000000" isPhotoAlbumWatchface="false" preview="@Image1">
        <Layout ref="@Image2" x="0" y="0"/>
        <Layout ref="@ImageNumber1" x="92" y="16"/>
        <Layout ref="@Image4" x="72" y="27"/>
        <Layout ref="@ImageNumber2" x="60" y="48"/>
        <Layout ref="@ImageNumber3" x="60" y="132"/>
        <Layout ref="@ImageValues1" x="152" y="121"/>
        <Layout ref="@Widget1" x="48" y="234"/>
        <Layout ref="@ImageValues2" x="118" y="234"/>
        <Layout ref="@Widget2" x="56" y="472"/>
    </Theme>
    <Theme type="AOD" name="样式1" bgColor="#000000" isPhotoAlbumWatchface="false">
        <Layout ref="@ImageNumber7" x="60" y="148"/>
        <Layout ref="@ImageNumber8" x="60" y="232"/>
        <Layout ref="@Widget3" x="48" y="334"/>
        <Layout ref="@ImageValues3" x="118" y="334"/>
    </Theme>
</Watchface>